--
-- Table structure for table `apl_dep`
--

CREATE TABLE `apl_dep` (
  `codgeo` varchar(10) NOT NULL,
  `libgeo` varchar(50) DEFAULT NULL,
  `an` bigint DEFAULT NULL,
  `apl_mg_hmep` double DEFAULT NULL,
  PRIMARY KEY (`codgeo`)
) ENGINE=InnoDB DEFAULT CHARSET=utf8mb4 COLLATE=utf8mb4_general_ci COMMENT='APL par departement';

--
-- Dumping data for table `apl_dep`
--

INSERT INTO `apl_dep` (`codgeo`, `libgeo`, `an`, `apl_mg_hmep`) VALUES
('01', 'Ain', 2022, 2.7),
('02', 'Aisne', 2022, 3.2),
('03', 'Allier', 2022, 3.1),
('04', 'Alpes-de-Haute-Provence', 2022, 3.7),
('05', 'Hautes-Alpes', 2022, 5.1),
('06', 'Alpes-Maritimes', 2022, 4.5),
('07', 'Ardèche', 2022, 3.1),
('08', 'Ardennes', 2022, 3.7),
('09', 'Ariège', 2022, 3.6),
('10', 'Aube', 2022, 3.2),
('11', 'Aude', 2022, 3.8),
('12', 'Aveyron', 2022, 3.4),
('13', 'Bouches-du-Rhône', 2022, 4.6),
('14', 'Calvados', 2022, 4.1),
('15', 'Cantal', 2022, 3.8),
('16', 'Charente', 2022, 3.3),
('17', 'Charente-Maritime', 2022, 4.3),
('18', 'Cher', 2022, 2.5),
('19', 'Corrèze', 2022, 3.3),
('21', 'Côte-d\'Or', 2022, 4.1),
('22', 'Côtes-d\'Armor', 2022, 3.4),
('23', 'Creuse', 2022, 3.1),
('24', 'Dordogne', 2022, 3.3),
('25', 'Doubs', 2022, 4.2),
('26', 'Drôme', 2022, 3.6),
('27', 'Eure', 2022, 2.7),
('28', 'Eure-et-Loir', 2022, 2.6),
('29', 'Finistère', 2022, 4.3),
('2A', 'Corse-du-Sud', 2022, 3.9),
('2B', 'Haute-Corse', 2022, 3.8),
('30', 'Gard', 2022, 3.7),
('31', 'Haute-Garonne', 2022, 4.5),
('32', 'Gers', 2022, 3.5),
('33', 'Gironde', 2022, 5),
('34', 'Hérault', 2022, 4.6),
('35', 'Ille-et-Vilaine', 2022, 4.1),
('36', 'Indre', 2022, 2.8),
('37', 'Indre-et-Loire', 2022, 4.2),
('38', 'Isère', 2022, 3.8),
('39', 'Jura', 2022, 3.6),
('40', 'Landes', 2022, 4.3),
('41', 'Loir-et-Cher', 2022, 2.9),
('42', 'Loire', 2022, 3.6),
('43', 'Haute-Loire', 2022, 3.5),
('44', 'Loire-Atlantique', 2022, 4),
('45', 'Loiret', 2022, 2.7),
('46', 'Lot', 2022, 3.2),
('47', 'Lot-et-Garonne', 2022, 3.1),
('48', 'Lozère', 2022, 3),
('49', 'Maine-et-Loire', 2022, 4.1),
('50', 'Manche', 2022, 3.3),
('51', 'Marne', 2022, 4.3),
('52', 'Haute-Marne', 2022, 3),
('53', 'Mayenne', 2022, 2.8),
('54', 'Meurthe-et-Moselle', 2022, 4.3),
('55', 'Meuse', 2022, 3.5),
('56', 'Morbihan', 2022, 4.1),
('57', 'Moselle', 2022, 3.9),
('58', 'Nièvre', 2022, 2.7),
('59', 'Nord', 2022, 4.6),
('60', 'Oise', 2022, 3.1),
('61', 'Orne', 2022, 2.9),
('62', 'Pas-de-Calais', 2022, 4.3),
('63', 'Puy-de-Dôme', 2022, 3.9),
('64', 'Pyrénées-Atlantiques', 2022, 4.6),
('65', 'Hautes-Pyrénées', 2022, 3.8),
('66', 'Pyrénées-Orientales', 2022, 4.3),
('67', 'Bas-Rhin', 2022, 4.9),
('68', 'Haut-Rhin', 2022, 3.6),
('69', 'Rhône', 2022, 4),
('70', 'Haute-Saône', 2022, 3.8),
('71', 'Saône-et-Loire', 2022, 2.9),
('72', 'Sarthe', 2022, 2.9),
('73', 'Savoie', 2022, 4.3),
('74', 'Haute-Savoie', 2022, 3.7),
('75', 'Paris', 2022, 4.7),
('76', 'Seine-Maritime', 2022, 3.9),
('77', 'Seine-et-Marne', 2022, 2.5),
('78', 'Yvelines', 2022, 2.6),
('79', 'Deux-Sèvres', 2022, 3.2),
('80', 'Somme', 2022, 4.5),
('81', 'Tarn', 2022, 3.5),
('82', 'Tarn-et-Garonne', 2022, 3.4),
('83', 'Var', 2022, 3.9),
('84', 'Vaucluse', 2022, 3.7),
('85', 'Vendée', 2022, 3.1),
('86', 'Vienne', 2022, 4.2),
('87', 'Haute-Vienne', 2022, 4.3),
('88', 'Vosges', 2022, 3.7),
('89', 'Yonne', 2022, 2.6),
('90', 'Territoire de Belfort', 2022, 3.6),
('91', 'Essonne', 2022, 2.6),
('92', 'Hauts-de-Seine', 2022, 3.1),
('93', 'Seine-Saint-Denis', 2022, 3.2),
('94', 'Val-de-Marne', 2022, 3.7),
('95', 'Val-d\'Oise', 2022, 2.5),
('971', 'Guadeloupe', 2022, 3.4),
('972', 'Martinique', 2022, 3.7),
('973', 'Guyane', 2022, 2),
('974', 'La Réunion', 2022, 5.4);

-- --------------------------------------------------------

--
-- Table structure for table `medecins_par_departement`
--

CREATE TABLE `medecins_par_departement` (
  `id` varchar(10) NOT NULL,
  `departement` varchar(50) DEFAULT NULL,
  `effectif` int DEFAULT NULL,
  `densite_ensemble` bigint DEFAULT NULL,
  `densite_generalistes` bigint DEFAULT NULL,
  `densite_specialistes` bigint DEFAULT NULL,
  `densite_chir_dent` bigint DEFAULT NULL,
  `densite_pharma` bigint DEFAULT NULL,
  PRIMARY KEY (`id`),
  UNIQUE KEY `medecins_par_departement_id_key` (`id`)
) ENGINE=InnoDB DEFAULT CHARSET=utf8mb4 COLLATE=utf8mb4_general_ci COMMENT='Nomber de médecins par dept et densité';

--
-- Dumping data for table `medecins_par_departement`
--

INSERT INTO `medecins_par_departement` (`id`, `departement`, `effectif`, `densite_ensemble`, `densite_generalistes`, `densite_specialistes`, `densite_chir_dent`, `densite_pharma`) VALUES
('01', 'Ain', 1162, 174, 99, 75, 53, 78),
('02', 'Aisne', 1107, 211, 99, 111, 45, 91),
('03', 'Allier', 917, 275, 134, 141, 51, 111),
('04', 'Alpes-de-Haute-Provence', 483, 291, 165, 125, 54, 103),
('05', 'Hautes-Alpes', 705, 503, 291, 213, 72, 135),
('06', 'Alpes-Maritimes', 5095, 461, 173, 288, 123, 123),
('07', 'Ardèche', 777, 235, 121, 113, 48, 97),
('08', 'Ardennes', 642, 241, 126, 115, 42, 104),
('09', 'Ariège', 408, 264, 163, 102, 60, 97),
('10', 'Aube', 714, 229, 112, 117, 48, 87),
('11', 'Aude', 1091, 288, 143, 145, 63, 114),
('12', 'Aveyron', 714, 255, 139, 117, 57, 118),
('13', 'Bouches-du-Rhône', 9345, 453, 178, 275, 96, 137),
('14', 'Calvados', 2698, 386, 168, 217, 52, 113),
('15', 'Cantal', 412, 287, 168, 119, 44, 123),
('16', 'Charente', 883, 251, 130, 122, 46, 97),
('17', 'Charente-Maritime', 2163, 326, 179, 148, 62, 109),
('18', 'Cher', 588, 197, 97, 100, 42, 85),
('19', 'Corrèze', 684, 288, 146, 142, 59, 116),
('21', 'Côte-d\'Or', 2239, 418, 164, 254, 56, 136),
('22', 'Côtes-d\'Armor', 1586, 261, 141, 121, 54, 94),
('23', 'Creuse', 250, 219, 128, 91, 33, 119),
('24', 'Dordogne', 1007, 244, 134, 110, 50, 86),
('25', 'Doubs', 1963, 358, 159, 199, 55, 112),
('26', 'Drôme', 1537, 295, 144, 151, 62, 104),
('27', 'Eure', 986, 165, 90, 75, 37, 107),
('28', 'Eure-et-Loir', 834, 194, 86, 108, 41, 103),
('29', 'Finistère', 3387, 367, 182, 184, 64, 98),
('2A', 'Corse-du-Sud', 570, 350, 161, 189, 83, 116),
('2B', 'Haute-Corse', 556, 299, 157, 143, 61, 112),
('30', 'Gard', 2345, 310, 138, 172, 70, 111),
('31', 'Haute-Garonne', 5996, 413, 166, 247, 93, 110),
('32', 'Gers', 434, 225, 139, 87, 60, 99),
('33', 'Gironde', 7312, 437, 180, 257, 81, 119),
('34', 'Hérault', 5356, 440, 176, 263, 87, 131),
('35', 'Ille-et-Vilaine', 4046, 365, 160, 205, 67, 102),
('36', 'Indre', 425, 197, 111, 85, 35, 96),
('37', 'Indre-et-Loire', 2406, 391, 161, 230, 50, 127),
('38', 'Isère', 4343, 337, 152, 185, 58, 110),
('39', 'Jura', 632, 246, 141, 105, 47, 104),
('40', 'Landes', 1253, 295, 173, 122, 66, 105),
('41', 'Loir-et-Cher', 755, 231, 114, 116, 47, 96),
('42', 'Loire', 2659, 345, 161, 184, 54, 92),
('43', 'Haute-Loire', 555, 244, 151, 94, 49, 102),
('44', 'Loire-Atlantique', 5254, 355, 162, 193, 68, 95),
('45', 'Loiret', 1580, 231, 101, 129, 47, 98),
('46', 'Lot', 456, 260, 147, 114, 60, 96),
('47', 'Lot-et-Garonne', 823, 250, 125, 125, 47, 105),
('48', 'Lozère', 179, 234, 135, 99, 39, 114),
('49', 'Maine-et-Loire', 2889, 350, 161, 189, 50, 102),
('50', 'Manche', 1253, 254, 129, 125, 38, 90),
('51', 'Marne', 2076, 367, 158, 210, 73, 123),
('52', 'Haute-Marne', 393, 233, 130, 103, 42, 94),
('53', 'Mayenne', 584, 191, 109, 82, 33, 83),
('54', 'Meurthe-et-Moselle', 2957, 405, 164, 240, 74, 121),
('55', 'Meuse', 360, 200, 127, 73, 42, 89),
('56', 'Morbihan', 2579, 334, 178, 156, 62, 99),
('57', 'Moselle', 2773, 264, 126, 138, 64, 90),
('58', 'Nièvre', 441, 221, 120, 101, 45, 111),
('59', 'Nord', 9315, 357, 157, 201, 61, 115),
('60', 'Oise', 1736, 209, 102, 107, 45, 84),
('61', 'Orne', 644, 235, 130, 105, 34, 98),
('62', 'Pas-de-Calais', 3692, 253, 129, 125, 48, 101),
('63', 'Puy-de-Dôme', 2486, 373, 155, 218, 74, 132),
('64', 'Pyrénées-Atlantiques', 2980, 429, 206, 223, 89, 115),
('65', 'Hautes-Pyrénées', 790, 343, 194, 149, 76, 109),
('66', 'Pyrénées-Orientales', 1644, 337, 163, 174, 77, 107),
('67', 'Bas-Rhin', 4743, 408, 168, 240, 91, 116),
('68', 'Haut-Rhin', 2321, 302, 130, 172, 63, 101),
('69', 'Rhône', 8839, 463, 171, 293, 82, 145),
('70', 'Haute-Saône', 519, 223, 135, 88, 34, 110),
('71', 'Saône-et-Loire', 1471, 268, 129, 139, 50, 100),
('72', 'Sarthe', 1331, 235, 111, 124, 38, 78),
('73', 'Savoie', 1728, 388, 203, 186, 70, 120),
('74', 'Haute-Savoie', 2726, 320, 153, 166, 75, 105),
('75', 'Paris', 18805, 888, 234, 654, 152, 181),
('76', 'Seine-Maritime', 4172, 333, 140, 193, 49, 109),
('77', 'Seine-et-Marne', 2836, 196, 89, 107, 52, 73),
('78', 'Yvelines', 3891, 267, 108, 159, 63, 89),
('79', 'Deux-Sèvres', 828, 221, 124, 97, 40, 95),
('80', 'Somme', 2037, 360, 167, 194, 41, 123),
('81', 'Tarn', 1129, 287, 138, 149, 63, 102),
('82', 'Tarn-et-Garonne', 660, 249, 123, 126, 51, 83),
('83', 'Var', 3576, 324, 154, 171, 81, 112),
('84', 'Vaucluse', 1799, 319, 147, 172, 69, 111),
('85', 'Vendée', 1557, 221, 122, 100, 54, 86),
('86', 'Vienne', 1550, 352, 156, 196, 43, 111),
('87', 'Haute-Vienne', 1465, 395, 173, 222, 50, 150),
('88', 'Vosges', 889, 248, 144, 104, 55, 98),
('89', 'Yonne', 701, 212, 108, 104, 34, 87),
('90', 'Territoire de Belfort', 457, 331, 143, 189, 57, 110),
('91', 'Essonne', 3118, 238, 103, 135, 58, 89),
('92', 'Hauts-de-Seine', 6238, 381, 135, 246, 98, 154),
('93', 'Seine-Saint-Denis', 3971, 237, 99, 138, 55, 69),
('94', 'Val-de-Marne', 5461, 384, 122, 262, 73, 103),
('95', 'Val-d\'Oise', 2889, 228, 95, 133, 58, 73),
('971', 'Guadeloupe', 1209, 319, 150, 169, 62, 120),
('972', 'Martinique', 1171, 332, 152, 180, 68, 99),
('973', 'Guyane', 717, 242, 123, 120, 30, 46),
('974', 'La Réunion', 3170, 364, 176, 189, 67, 94),
('976', 'Mayotte', 265, 89, 49, 39, 9, 31);

-- --------------------------------------------------------

--
-- Table structure for table `medecins_retraites_actifs`
--

CREATE TABLE `medecins_retraites_actifs` (
  `code` varchar(10) NOT NULL,
  `dept` varchar(50) NOT NULL,
  `nbr` int DEFAULT NULL,
  PRIMARY KEY (`code`)
) ENGINE=InnoDB DEFAULT CHARSET=utf8mb4 COLLATE=utf8mb4_general_ci COMMENT='Les médecins retraités actifs inscrits au tableau de l''ordre 2024';

--
-- Dumping data for table `medecins_retraites_actifs`
--

INSERT INTO `medecins_retraites_actifs` (`code`, `dept`, `nbr`) VALUES
('01', 'Ain', 128),
('02', 'Aisne', 145),
('03', 'Allier', 158),
('04', 'Alpes-de-Haute-Provence', 80),
('05', 'Hautes-Alpes', 63),
('06', 'Alpes-Maritimes', 802),
('07', 'Ardèche', 119),
('08', 'Ardennes', 37),
('09', 'Ariège', 66),
('10', 'Aube', 87),
('11', 'Aude', 173),
('12', 'Aveyron', 107),
('13', 'Bouches-du-Rhône', 1231),
('14', 'Calvados', 230),
('15', 'Cantal', 61),
('16', 'Charente', 128),
('17', 'Charente-Maritime', 236),
('18', 'Cher', 112),
('19', 'Corrèze', 87),
('21', 'Côte-d\'Or', 211),
('22', 'Côtes-d\'Armor', 182),
('23', 'Creuse', 42),
('24', 'Dordogne', 142),
('25', 'Doubs', 108),
('26', 'Drôme', 206),
('27', 'Eure', 83),
('28', 'Eure-et-Loir', 118),
('29', 'Finistère', 166),
('2A', 'Corse-du-Sud', 93),
('2B', 'Haute-Corse', 100),
('30', 'Gard', 272),
('31', 'Haute-Garonne', 553),
('32', 'Gers', 73),
('33', 'Gironde', 639),
('34', 'Hérault', 482),
('35', 'Ille-et-Vilaine', 246),
('36', 'Indre', 93),
('37', 'Indre-et-Loire', 175),
('38', 'Isère', 393),
('39', 'Jura', 82),
('40', 'Landes', 157),
('41', 'Loir-et-Cher', 127),
('42', 'Loire', 250),
('43', 'Haute-Loire', 61),
('44', 'Loire-Atlantique', 321),
('45', 'Loiret', 215),
('46', 'Lot', 85),
('47', 'Lot-et-Garonne', 132),
('48', 'Lozère', 34),
('49', 'Maine-et-Loire', 190),
('50', 'Manche', 135),
('51', 'Marne', 155),
('52', 'Haute-Marne', 59),
('53', 'Mayenne', 54),
('54', 'Meurthe-et-Moselle', 279),
('55', 'Meuse', 51),
('56', 'Morbihan', 224),
('57', 'Moselle', 254),
('58', 'Nièvre', 70),
('59', 'Nord', 759),
('60', 'Oise', 196),
('61', 'Orne', 110),
('62', 'Pas-de-Calais', 386),
('63', 'Puy-de-Dôme', 208),
('64', 'Pyrénées-Atlantiques', 279),
('65', 'Hautes-Pyrénées', 102),
('66', 'Pyrénées-Orientales', 213),
('67', 'Bas-Rhin', 482),
('68', 'Haut-Rhin', 243),
('69', 'Rhône', 714),
('70', 'Haute-Saône', 62),
('71', 'Saône-et-Loire', 169),
('72', 'Sarthe', 181),
('73', 'Savoie', 162),
('74', 'Haute-Savoie', 199),
('75', 'Paris', 3220),
('76', 'Seine-Maritime', 358),
('77', 'Seine-et-Marne', 323),
('78', 'Yvelines', 511),
('79', 'Deux-Sèvres', 87),
('80', 'Somme', 156),
('81', 'Tarn', 161),
('82', 'Tarn-et-Garonne', 110),
('83', 'Var', 511),
('84', 'Vaucluse', 287),
('85', 'Vendée', 175),
('86', 'Vienne', 147),
('87', 'Haute-Vienne', 107),
('88', 'Vosges', 125),
('89', 'Yonne', 131),
('90', 'Territoire de Belfort', 45),
('91', 'Essonne', 356),
('92', 'Hauts-de-Seine', 750),
('93', 'Seine-Saint-Denis', 414),
('94', 'Val-de-Marne', 435),
('95', 'Val-d\'Oise', 313),
('971', 'Guadeloupe', 82),
('972', 'Martinique', 47),
('973', 'Guyane', 33),
('974', 'La Réunion', 179),
('976', 'Mayotte', 20),
('999', 'Liste spéciale', 246);

-- --------------------------------------------------------

--
-- Table structure for table `moyenne_passages_par_dep`
--

CREATE TABLE `moyenne_passages_par_dep` (
  `dep` varchar(10) NOT NULL PRIMARY KEY,
  `libelle_dep` varchar(50) DEFAULT NULL,
  `moyenne_journaliere_passages` double DEFAULT NULL
) ENGINE=InnoDB DEFAULT CHARSET=utf8mb4 COLLATE=utf8mb4_general_ci COMMENT='Moyenne journalière de passage en urgence par dpt';

--
-- Dumping data for table `moyenne_passages_par_dep`
--

INSERT INTO `moyenne_passages_par_dep` (`dep`, `libelle_dep`, `moyenne_journaliere_passages`) VALUES
('01', 'Ain', 358.99225352112677),
('02', 'Aisne', 562.2147887323944),
('03', 'Allier', 316.4646713615023),
('04', 'Alpes-de-Haute-Provence', 185.81189358372458),
('05', 'Hautes-Alpes', 158.22053990610328),
('06', 'Alpes-Maritimes', 1120.7415492957746),
('07', 'Ardèche', 245.28986697965573),
('08', 'Ardennes', 248.08650234741782),
('09', 'Ariège', 135.70238654147104),
('10', 'Aube', 209.402034428795),
('11', 'Aude', 359.7798513302035),
('12', 'Aveyron', 219.1303208137715),
('13', 'Bouches-du-Rhône', 1890.2192879499219),
('14', 'Calvados', 676.3160015649452),
('15', 'Cantal', 135.31803599374024),
('16', 'Charente', 288.4178012519562),
('17', 'Charente-Maritime', 507.6530907668232),
('18', 'Cher', 229.67116588419404),
('19', 'Corrèze', 198.34139280125194),
('21', 'Côte-d\'Or', 415.0129890453834),
('22', 'Côtes-d\'Armor', 436.6821596244132),
('23', 'Creuse', 72.66694053208138),
('24', 'Dordogne', 270.3984350547731),
('25', 'Doubs', 314.26850547730834),
('26', 'Drôme', 469.2142018779343),
('27', 'Eure', 518.2365414710486),
('28', 'Eure-et-Loir', 481.77953834115806),
('29', 'Finistère', 826.7735524256652),
('2A', 'Corse-du-Sud', 144.11040620721133),
('2B', 'Haute-Corse', 129.78950251026927),
('30', 'Gard', 560.6149843505477),
('31', 'Haute-Garonne', 893.4595461658843),
('32', 'Gers', 82.70003912363067),
('33', 'Gironde', 1058.8354068857589),
('34', 'Hérault', 1151.9752738654147),
('35', 'Ille-et-Vilaine', 776.9097809076682),
('36', 'Indre', 180.47339593114242),
('37', 'Indre-et-Loire', 461.03618935837244),
('38', 'Isère', 902.5010954616588),
('39', 'Jura', 212.1649061032864),
('40', 'Landes', 243.6248435054773),
('41', 'Loir-et-Cher', 266.7012128325509),
('42', 'Loire', 857.6664319248825),
('43', 'Haute-Loire', 144.13184663536776),
('44', 'Loire-Atlantique', 709.1842331768388),
('45', 'Loiret', 647.2242957746479),
('46', 'Lot', 161.00845070422534),
('47', 'Lot-et-Garonne', 305.7108372456964),
('49', 'Maine-et-Loire', 572.2362676056338),
('50', 'Manche', 432.2705399061033),
('51', 'Marne', 458.82042253521126),
('52', 'Haute-Marne', 158.32093114241002),
('53', 'Mayenne', 226.25199530516431),
('54', 'Meurthe-et-Moselle', 515.9836071987481),
('55', 'Meuse', 119.36431924882629),
('56', 'Morbihan', 486.70015649452273),
('57', 'Moselle', 790.8167840375587),
('58', 'Nièvre', 211.26283255086074),
('59', 'Nord', 2271.74593114241),
('60', 'Oise', 709.3662754303599),
('61', 'Orne', 361.1758998435055),
('62', 'Pas-de-Calais', 1159.4390453834117),
('63', 'Puy-de-Dôme', 452.65880281690136),
('64', 'Pyrénées-Atlantiques', 598.6992175273865),
('65', 'Hautes-Pyrénées', 240.53967136150234),
('66', 'Pyrénées-Orientales', 453.02222222222224),
('67', 'Bas-Rhin', 796.8737480438185),
('68', 'Haut-Rhin', 623.6201095461658),
('69', 'Rhône', 1659.5155320813772),
('70', 'Haute-Saône', 120.86537558685447),
('71', 'Saône-et-Loire', 545.172613458529),
('72', 'Sarthe', 479.8556729264476),
('73', 'Savoie', 484.1397887323944),
('74', 'Haute-Savoie', 817.9814945226917),
('75', 'Paris', 2305.8293427230046),
('76', 'Seine-Maritime', 1385.714945226917),
('77', 'Seine-et-Marne', 1198.2362676056337),
('78', 'Yvelines', 1150.3180359937403),
('79', 'Deux-Sèvres', 294.5118935837246),
('80', 'Somme', 564.3461267605634),
('81', 'Tarn', 338.2159233176839),
('82', 'Tarn-et-Garonne', 182.3637323943662),
('83', 'Var', 907.5969874804382),
('84', 'Vaucluse', 665.8924100156495),
('85', 'Vendée', 482.8343114241002),
('86', 'Vienne', 314.71005477308296),
('87', 'Haute-Vienne', 333.06768388106417),
('88', 'Vosges', 305.69107981220657),
('89', 'Yonne', 408.13892801251956),
('90', 'Territoire de Belfort', 280.6111364673665),
('91', 'Essonne', 1136.4566510172144),
('92', 'Hauts-de-Seine', 1430.7992566510172),
('93', 'Seine-Saint-Denis', 1643.89534428795),
('94', 'Val-de-Marne', 1434.1318857589986),
('95', 'Val-d\'Oise', 1340.58779342723),
('971', 'Guadeloupe', 397.98000782472616),
('973', 'Guyane', 287.75154004106776),
('974', 'La Réunion', 509.97923322683704);

-- --------------------------------------------------------

--
-- Table structure for table `part_medecins_sup_55`
--

CREATE TABLE `part_medecins_sup_55` (
  `code` varchar(10) NOT NULL,
  `departement` varchar(50) NOT NULL,
  `omnipraticiens` int DEFAULT NULL,
  `specialistes` int DEFAULT NULL,
  PRIMARY KEY (`code`)
) ENGINE=InnoDB DEFAULT CHARSET=utf8mb4 COLLATE=utf8mb4_general_ci COMMENT='part des médecins agés de plus de 55 ans pour chaque dpt';

--
-- Dumping data for table `part_medecins_sup_55`
--

INSERT INTO `part_medecins_sup_55` (`code`, `departement`, `omnipraticiens`, `specialistes`) VALUES
('1', 'Ain', 47, 44),
('10', 'Aube', 51, 54),
('11', 'Aude', 56, 55),
('12', 'Aveyron', 47, 58),
('13', 'Bouches-du-Rhône', 46, 41),
('14', 'Calvados', 36, 33),
('15', 'Cantal', 40, 49),
('16', 'Charente', 56, 57),
('17', 'Charente-Maritime', 42, 43),
('18', 'Cher', 59, 58),
('19', 'Corrèze', 54, 48),
('2', 'Aisne', 52, 56),
('21', 'Côte-d\'Or', 39, 33),
('22', 'Côtes-d\'Armor', 47, 45),
('23', 'Creuse', 68, 57),
('24', 'Dordogne', 53, 51),
('25', 'Doubs', 37, 33),
('26', 'Drôme', 41, 45),
('27', 'Eure', 51, 52),
('28', 'Eure-et-Loir', 62, 55),
('29', 'Finistère', 31, 33),
('2A', 'Corse-du-Sud', 53, 52),
('2B', 'Haute-Corse', 57, 60),
('3', 'Allier', 53, 48),
('30', 'Gard', 53, 43),
('31', 'Haute-Garonne', 42, 37),
('32', 'Gers', 54, 57),
('33', 'Gironde', 38, 34),
('34', 'Hérault', 44, 37),
('35', 'Ille-et-Vilaine', 32, 31),
('36', 'Indre', 62, 61),
('37', 'Indre-et-Loire', 40, 33),
('38', 'Isère', 38, 38),
('39', 'Jura', 46, 43),
('4', 'Alpes-de-Haute-Provence', 63, 55),
('40', 'Landes', 44, 48),
('41', 'Loir-et-Cher', 56, 50),
('42', 'Loire', 36, 36),
('43', 'Haute-Loire', 41, 42),
('44', 'Loire-Atlantique', 31, 30),
('45', 'Loiret', 58, 50),
('46', 'Lot', 61, 68),
('47', 'Lot-et-Garonne', 58, 58),
('48', 'Lozère', 52, 72),
('49', 'Maine-et-Loire', 33, 32),
('5', 'Hautes-Alpes', 36, 43),
('50', 'Manche', 48, 45),
('51', 'Marne', 36, 36),
('52', 'Haute-Marne', 56, 68),
('53', 'Mayenne', 48, 58),
('54', 'Meurthe-et-Moselle', 41, 37),
('55', 'Meuse', 46, 51),
('56', 'Morbihan', 38, 37),
('57', 'Moselle', 51, 47),
('58', 'Nièvre', 63, 59),
('59', 'Nord', 41, 33),
('6', 'Alpes-Maritimes', 52, 42),
('60', 'Oise', 52, 52),
('61', 'Orne', 63, 52),
('62', 'Nord-Pas-de-Calais', 45, 42),
('63', 'Puy-de-Dôme', 36, 30),
('64', 'Pyrénées-Atlantiques', 35, 35),
('65', 'Hautes-Pyrénées', 48, 53),
('66', 'Pyrénées-Orientales', 53, 44),
('67', 'Bas-Rhin', 42, 37),
('68', 'Haut-Rhin', 47, 43),
('69', 'Rhône', 39, 33),
('7', 'Ardèche', 51, 52),
('70', 'Haute-Saône', 49, 44),
('71', 'Saône-et-Loire', 50, 43),
('72', 'Sarthe', 50, 42),
('73', 'Savoie', 32, 37),
('74', 'Haute-Savoie', 32, 33),
('75', 'Paris', 54, 46),
('76', 'Seine-Maritime', 44, 35),
('77', 'Seine-et-Marne', 51, 55),
('78', 'Yvelines', 53, 48),
('79', 'Deux-Sèvres', 43, 48),
('8', 'Ardennes', 51, 55),
('80', 'Somme', 37, 33),
('81', 'Tarn', 48, 47),
('82', 'Tarn-et-Garonne', 53, 49),
('83', 'Var', 54, 53),
('84', 'Vaucluse', 55, 51),
('85', 'Vendée', 44, 42),
('86', 'Vienne', 40, 34),
('87', 'Haute-Vienne', 38, 36),
('88', 'Vosges', 44, 50),
('89', 'Yonne', 66, 57),
('9', 'Ariège', 44, 57),
('90', 'Territoire', 46, 45),
('91', 'Essonne', 54, 52),
('92', 'Hauts-de-Seine', 52, 44),
('93', 'Seine-Saint-Denis', 50, 47),
('94', 'Val-de-Marne', 48, 38),
('95', 'Val-d\'Oise', 51, 51),
('971', 'Guadeloupe', 43, 47),
('972', 'Martinique', 44, 41),
('973', 'Guyane', 31, 31),
('974', 'La Réunion', 37, 32),
('976', 'Mayotte', 41, 40);
